--
-- PostgreSQL database dump
--

-- Dumped from database version 12.2
-- Dumped by pg_dump version 14.1

-- Started on 2022-01-05 15:20:29

SET statement_timeout = 0;
SET lock_timeout = 0;
SET idle_in_transaction_session_timeout = 0;
SET client_encoding = 'UTF8';
SET standard_conforming_strings = on;
SELECT pg_catalog.set_config('search_path', '', false);
SET check_function_bodies = false;
SET xmloption = content;
SET client_min_messages = warning;
SET row_security = off;

SET default_tablespace = '';

SET default_table_access_method = "heap";

--
-- TOC entry 202 (class 1259 OID 29312)
-- Name: AspNetRoleClaims; Type: TABLE; Schema: public; Owner: postgres
--
DROP TABLE "public"."AspNetRoleClaims";
CREATE TABLE "public"."AspNetRoleClaims" (
    "Id" integer NOT NULL,
    "RoleId" "text" NOT NULL,
    "ClaimType" "text",
    "ClaimValue" "text"
);


ALTER TABLE "public"."AspNetRoleClaims" OWNER TO "postgres";

--
-- TOC entry 203 (class 1259 OID 29318)
-- Name: AspNetRoleClaims_Id_seq; Type: SEQUENCE; Schema: public; Owner: postgres
--

ALTER TABLE "public"."AspNetRoleClaims" ALTER COLUMN "Id" ADD GENERATED BY DEFAULT AS IDENTITY (
    SEQUENCE NAME "public"."AspNetRoleClaims_Id_seq"
    START WITH 1
    INCREMENT BY 1
    NO MINVALUE
    NO MAXVALUE
    CACHE 1
);


--
-- TOC entry 204 (class 1259 OID 29320)
-- Name: AspNetRoles; Type: TABLE; Schema: public; Owner: postgres
--
DROP TABLE "public"."AspNetRoles" CASCADE;
CREATE TABLE "public"."AspNetRoles" (
    "Id" "text" NOT NULL,
    "Name" character varying(256),
    "NormalizedName" character varying(256),
    "ConcurrencyStamp" "text"
);


ALTER TABLE "public"."AspNetRoles" OWNER TO "postgres";

--
-- TOC entry 205 (class 1259 OID 29326)
-- Name: AspNetUserClaims; Type: TABLE; Schema: public; Owner: postgres
--
DROP TABLE "public"."AspNetUserClaims";
CREATE TABLE "public"."AspNetUserClaims" (
    "Id" integer NOT NULL,
    "UserId" "text" NOT NULL,
    "ClaimType" "text",
    "ClaimValue" "text"
);


ALTER TABLE "public"."AspNetUserClaims" OWNER TO "postgres";

--
-- TOC entry 206 (class 1259 OID 29332)
-- Name: AspNetUserClaims_Id_seq; Type: SEQUENCE; Schema: public; Owner: postgres
--

ALTER TABLE "public"."AspNetUserClaims" ALTER COLUMN "Id" ADD GENERATED BY DEFAULT AS IDENTITY (
    SEQUENCE NAME "public"."AspNetUserClaims_Id_seq"
    START WITH 1
    INCREMENT BY 1
    NO MINVALUE
    NO MAXVALUE
    CACHE 1
);


--
-- TOC entry 207 (class 1259 OID 29334)
-- Name: AspNetUserLogins; Type: TABLE; Schema: public; Owner: postgres
--
DROP TABLE "public"."AspNetUserLogins";
CREATE TABLE "public"."AspNetUserLogins" (
    "LoginProvider" character varying(128) NOT NULL,
    "ProviderKey" character varying(128) NOT NULL,
    "ProviderDisplayName" "text",
    "UserId" "text" NOT NULL
);


ALTER TABLE "public"."AspNetUserLogins" OWNER TO "postgres";

--
-- TOC entry 208 (class 1259 OID 29340)
-- Name: AspNetUserRoles; Type: TABLE; Schema: public; Owner: postgres
--
DROP TABLE "public"."AspNetUserRoles";
CREATE TABLE "public"."AspNetUserRoles" (
    "UserId" "text" NOT NULL,
    "RoleId" "text" NOT NULL
);


ALTER TABLE "public"."AspNetUserRoles" OWNER TO "postgres";

--
-- TOC entry 209 (class 1259 OID 29346)
-- Name: AspNetUserTokens; Type: TABLE; Schema: public; Owner: postgres
--
DROP TABLE "public"."AspNetUserTokens";
CREATE TABLE "public"."AspNetUserTokens" (
    "UserId" "text" NOT NULL,
    "LoginProvider" character varying(128) NOT NULL,
    "Name" character varying(128) NOT NULL,
    "Value" "text"
);


ALTER TABLE "public"."AspNetUserTokens" OWNER TO "postgres";

--
-- TOC entry 210 (class 1259 OID 29352)
-- Name: AspNetUsers; Type: TABLE; Schema: public; Owner: postgres
--
DROP TABLE "public"."AspNetUsers" CASCADE;
CREATE TABLE "public"."AspNetUsers" (
    "Id" "text" NOT NULL,
    "Firstname" "text",
    "LastName" "text",
    "LastSignIn" timestamp without time zone NOT NULL,
    "UserName" character varying(256),
    "NormalizedUserName" character varying(256),
    "Email" character varying(256),
    "NormalizedEmail" character varying(256),
    "EmailConfirmed" boolean NOT NULL,
    "PasswordHash" "text",
    "SecurityStamp" "text",
    "ConcurrencyStamp" "text",
    "PhoneNumber" "text",
    "PhoneNumberConfirmed" boolean NOT NULL,
    "TwoFactorEnabled" boolean NOT NULL,
    "LockoutEnd" timestamp with time zone,
    "LockoutEnabled" boolean NOT NULL,
    "AccessFailedCount" integer NOT NULL
);


ALTER TABLE "public"."AspNetUsers" OWNER TO "postgres";

--
-- TOC entry 211 (class 1259 OID 29358)
-- Name: PermissionRoles; Type: TABLE; Schema: public; Owner: postgres
--
DROP TABLE "public"."PermissionRoles";
CREATE TABLE "public"."PermissionRoles" (
    "RoleId" "text" NOT NULL,
    "PermissionId" "text" NOT NULL
);


ALTER TABLE "public"."PermissionRoles" OWNER TO "postgres";

--
-- TOC entry 212 (class 1259 OID 29364)
-- Name: Permissions; Type: TABLE; Schema: public; Owner: postgres
--
DROP TABLE "public"."Permissions";
CREATE TABLE "public"."Permissions" (
    "Id" "text" NOT NULL,
    "Name" "text"
);


ALTER TABLE "public"."Permissions" OWNER TO "postgres";

--
-- TOC entry 213 (class 1259 OID 29370)
-- Name: RefreshTokens; Type: TABLE; Schema: public; Owner: postgres
--
DROP TABLE "public"."RefreshTokens";
CREATE TABLE "public"."RefreshTokens" (
    "Id" integer NOT NULL,
    "Token" "text",
    "JwtId" "text",
    "IsUsed" boolean NOT NULL,
    "IsRevoked" boolean NOT NULL,
    "AddedDate" timestamp without time zone NOT NULL,
    "ExpiryDate" timestamp without time zone NOT NULL,
    "UserId" "text"
);


ALTER TABLE "public"."RefreshTokens" OWNER TO "postgres";

--
-- TOC entry 214 (class 1259 OID 29376)
-- Name: RefreshTokens_Id_seq; Type: SEQUENCE; Schema: public; Owner: postgres
--

ALTER TABLE "public"."RefreshTokens" ALTER COLUMN "Id" ADD GENERATED BY DEFAULT AS IDENTITY (
    SEQUENCE NAME "public"."RefreshTokens_Id_seq"
    START WITH 1
    INCREMENT BY 1
    NO MINVALUE
    NO MAXVALUE
    CACHE 1
);


--
-- TOC entry 215 (class 1259 OID 29378)
-- Name: __EFMigrationsHistory; Type: TABLE; Schema: public; Owner: postgres
--
DROP TABLE "public"."__EFMigrationsHistory";
CREATE TABLE "public"."__EFMigrationsHistory" (
    "MigrationId" character varying(150) NOT NULL,
    "ProductVersion" character varying(32) NOT NULL
);


ALTER TABLE "public"."__EFMigrationsHistory" OWNER TO "postgres";

--
-- TOC entry 2907 (class 0 OID 29312)
-- Dependencies: 202
-- Data for Name: AspNetRoleClaims; Type: TABLE DATA; Schema: public; Owner: postgres
--



--
-- TOC entry 2909 (class 0 OID 29320)
-- Dependencies: 204
-- Data for Name: AspNetRoles; Type: TABLE DATA; Schema: public; Owner: postgres
--

INSERT INTO "public"."AspNetRoles" ("Id", "Name", "NormalizedName", "ConcurrencyStamp") VALUES ('1899c23e-2ab7-4348-a797-5d018cc28b54', 'SuperAdmin', 'SUPERADMIN', 'b72f27aa-7016-4e77-ba16-6473b62d4c53');
INSERT INTO "public"."AspNetRoles" ("Id", "Name", "NormalizedName", "ConcurrencyStamp") VALUES ('9515d96e-a4a9-4e6e-8c3d-a329b4e2f604', 'ProductsEditor', 'PRODUCTSEDITOR', '838fa609-0b68-4cd0-a9ca-75042bf98ecb');
INSERT INTO "public"."AspNetRoles" ("Id", "Name", "NormalizedName", "ConcurrencyStamp") VALUES ('ef8fe2f9-6ce7-4e13-8084-24c2d74623da', 'ProductsAdmin', 'PRODUCTSADMIN', '28e54e20-859e-44e9-a744-1120dead76ef');
INSERT INTO "public"."AspNetRoles" ("Id", "Name", "NormalizedName", "ConcurrencyStamp") VALUES ('8b8a5a88-8971-4c8a-8dec-5241a0ce8c41', 'ResourcesAdmin', 'RESOURCESADMIN', '6624478e-d005-4294-8d65-b283d1e949c8');
INSERT INTO "public"."AspNetRoles" ("Id", "Name", "NormalizedName", "ConcurrencyStamp") VALUES ('94565142-2066-4482-8208-c8b9363a8462', 'ResourcesEditor', 'RESOURCESEDITOR', 'aa2e59ed-de58-40e2-8082-3c4d48579fbe');


--
-- TOC entry 2910 (class 0 OID 29326)
-- Dependencies: 205
-- Data for Name: AspNetUserClaims; Type: TABLE DATA; Schema: public; Owner: postgres
--



--
-- TOC entry 2912 (class 0 OID 29334)
-- Dependencies: 207
-- Data for Name: AspNetUserLogins; Type: TABLE DATA; Schema: public; Owner: postgres
--



--
-- TOC entry 2913 (class 0 OID 29340)
-- Dependencies: 208
-- Data for Name: AspNetUserRoles; Type: TABLE DATA; Schema: public; Owner: postgres
--

INSERT INTO "public"."AspNetUserRoles" ("UserId", "RoleId") VALUES ('5fca8601-148b-4bfe-ab69-314013121f3d', '1899c23e-2ab7-4348-a797-5d018cc28b54');
INSERT INTO "public"."AspNetUserRoles" ("UserId", "RoleId") VALUES ('0fa2d0d2-2a38-48d3-8b27-e2ddb2954e6e', '94565142-2066-4482-8208-c8b9363a8462');
INSERT INTO "public"."AspNetUserRoles" ("UserId", "RoleId") VALUES ('11370491-c07a-418d-9cef-0bfa35257ab4', 'ef8fe2f9-6ce7-4e13-8084-24c2d74623da');
INSERT INTO "public"."AspNetUserRoles" ("UserId", "RoleId") VALUES ('09a77655-a6be-4488-be7e-a9762978b6de', '8b8a5a88-8971-4c8a-8dec-5241a0ce8c41');
INSERT INTO "public"."AspNetUserRoles" ("UserId", "RoleId") VALUES ('55591aa8-4c4c-4eb8-b9e2-74afe688ec6c', '9515d96e-a4a9-4e6e-8c3d-a329b4e2f604');
INSERT INTO "public"."AspNetUserRoles" ("UserId", "RoleId") VALUES ('55591aa8-4c4c-4eb8-b9e2-74afe688ec6c', '94565142-2066-4482-8208-c8b9363a8462');
INSERT INTO "public"."AspNetUserRoles" ("UserId", "RoleId") VALUES ('0ca582f2-2afb-4c31-9686-137d63a33c27', 'ef8fe2f9-6ce7-4e13-8084-24c2d74623da');
INSERT INTO "public"."AspNetUserRoles" ("UserId", "RoleId") VALUES ('0ca582f2-2afb-4c31-9686-137d63a33c27', '8b8a5a88-8971-4c8a-8dec-5241a0ce8c41');
INSERT INTO "public"."AspNetUserRoles" ("UserId", "RoleId") VALUES ('d8ef53eb-916c-49f6-bc26-5f93afe2f0dc', '9515d96e-a4a9-4e6e-8c3d-a329b4e2f604');


--
-- TOC entry 2914 (class 0 OID 29346)
-- Dependencies: 209
-- Data for Name: AspNetUserTokens; Type: TABLE DATA; Schema: public; Owner: postgres
--



--
-- TOC entry 2915 (class 0 OID 29352)
-- Dependencies: 210
-- Data for Name: AspNetUsers; Type: TABLE DATA; Schema: public; Owner: postgres
--

INSERT INTO "public"."AspNetUsers" ("Id", "Firstname", "LastName", "LastSignIn", "UserName", "NormalizedUserName", "Email", "NormalizedEmail", "EmailConfirmed", "PasswordHash", "SecurityStamp", "ConcurrencyStamp", "PhoneNumber", "PhoneNumberConfirmed", "TwoFactorEnabled", "LockoutEnd", "LockoutEnabled", "AccessFailedCount") VALUES ('d8ef53eb-916c-49f6-bc26-5f93afe2f0dc', NULL, NULL, '2022-01-05 12:05:46.662927', 'ProductsEditor', 'PRODUCTSEDITOR', NULL, NULL, false, 'AQAAAAEAACcQAAAAEHksY5KKyNTNcCJyr4+Ch8lKRQSrFotHnhHRz8z1nL7DYS8zK1jySmfttGaHHCiD8w==', 'DQ2UOQ7BASAKAZCKON2Q2XE3XSH66YXW', '06eab7bc-d1f7-49d2-b6d0-dbded0d7ee87', NULL, false, false, NULL, true, 0);
INSERT INTO "public"."AspNetUsers" ("Id", "Firstname", "LastName", "LastSignIn", "UserName", "NormalizedUserName", "Email", "NormalizedEmail", "EmailConfirmed", "PasswordHash", "SecurityStamp", "ConcurrencyStamp", "PhoneNumber", "PhoneNumberConfirmed", "TwoFactorEnabled", "LockoutEnd", "LockoutEnabled", "AccessFailedCount") VALUES ('11370491-c07a-418d-9cef-0bfa35257ab4', NULL, NULL, '2022-01-05 12:06:14.125545', 'ProductsAdmin', 'PRODUCTSADMIN', NULL, NULL, false, 'AQAAAAEAACcQAAAAEGQAk4XynD9EjovQCIhDHz/tmlsgS5UgrDA8p0bSlAn0hWpqP7qSaaZ0QN+9vLMzqQ==', 'AU5DKBQO7FLPGFVVJNH2HNCKPOQDUS6J', 'eeb24b5d-7871-4185-a4a4-2a24991d8e50', NULL, false, false, NULL, true, 0);
INSERT INTO "public"."AspNetUsers" ("Id", "Firstname", "LastName", "LastSignIn", "UserName", "NormalizedUserName", "Email", "NormalizedEmail", "EmailConfirmed", "PasswordHash", "SecurityStamp", "ConcurrencyStamp", "PhoneNumber", "PhoneNumberConfirmed", "TwoFactorEnabled", "LockoutEnd", "LockoutEnabled", "AccessFailedCount") VALUES ('0ca582f2-2afb-4c31-9686-137d63a33c27', NULL, NULL, '2022-01-05 12:06:31.755858', 'MachineAdmin', 'MACHINEADMIN', NULL, NULL, false, 'AQAAAAEAACcQAAAAEI0PXjCJWHFp+JFe/IRpbb+36SL9XUWRsvD6G5Rsuw/8aCzfju+GDiJDOrU9xdjwTQ==', 'TW74NVVTIVHGI2O2DXZKGH5HJXJ3L2XK', '77017cfd-2b15-4909-8661-05f49020d89b', NULL, false, false, NULL, true, 0);
INSERT INTO "public"."AspNetUsers" ("Id", "Firstname", "LastName", "LastSignIn", "UserName", "NormalizedUserName", "Email", "NormalizedEmail", "EmailConfirmed", "PasswordHash", "SecurityStamp", "ConcurrencyStamp", "PhoneNumber", "PhoneNumberConfirmed", "TwoFactorEnabled", "LockoutEnd", "LockoutEnabled", "AccessFailedCount") VALUES ('0fa2d0d2-2a38-48d3-8b27-e2ddb2954e6e', NULL, NULL, '0001-01-01 00:00:00', 'ResourcesEditor', 'RESOURCESEDITOR', NULL, NULL, false, 'AQAAAAEAACcQAAAAEPyfa9vdK73/TRyC2vJquaI7v6E0t8e6xFq5M904fN44TH2dFb0x4uzggv2sTkGK2g==', 'FCDIW4SWQY6YCLNXL2SL4PMQLVUVFFI6', 'ccc9d3ee-07ac-492f-9d9b-18f224200703', NULL, false, false, NULL, true, 0);
INSERT INTO "public"."AspNetUsers" ("Id", "Firstname", "LastName", "LastSignIn", "UserName", "NormalizedUserName", "Email", "NormalizedEmail", "EmailConfirmed", "PasswordHash", "SecurityStamp", "ConcurrencyStamp", "PhoneNumber", "PhoneNumberConfirmed", "TwoFactorEnabled", "LockoutEnd", "LockoutEnabled", "AccessFailedCount") VALUES ('09a77655-a6be-4488-be7e-a9762978b6de', NULL, NULL, '0001-01-01 00:00:00', 'ResourcesAdmin', 'RESOURCESADMIN', NULL, NULL, false, 'AQAAAAEAACcQAAAAEHzfUsCa/rOj4Db4ql98zsNDgAEzPlvfr3a/Bzn8eYml66Bo7HZecdgVhzOzq23N9g==', 'YI6MCM3XGMZG6KCDZU33TXBGBGGOPHC6', '77854d3b-efbb-4c3b-9307-0142615d0709', NULL, false, false, NULL, true, 0);
INSERT INTO "public"."AspNetUsers" ("Id", "Firstname", "LastName", "LastSignIn", "UserName", "NormalizedUserName", "Email", "NormalizedEmail", "EmailConfirmed", "PasswordHash", "SecurityStamp", "ConcurrencyStamp", "PhoneNumber", "PhoneNumberConfirmed", "TwoFactorEnabled", "LockoutEnd", "LockoutEnabled", "AccessFailedCount") VALUES ('55591aa8-4c4c-4eb8-b9e2-74afe688ec6c', NULL, NULL, '0001-01-01 00:00:00', 'MachineEditor', 'MACHINEEDITOR', NULL, NULL, false, 'AQAAAAEAACcQAAAAEOtkU5aeA9yvQrh2AOUIWZbgWDyWjqdQijQD+Ig1b/Q5WECT0coYj65db39vOpoZ6g==', 'ELMGMQVZMTLYXJQN52ILG7HQAAACVEO3', '4eed032f-daef-446c-9b1b-fc24cde936f2', NULL, false, false, NULL, true, 0);
INSERT INTO "public"."AspNetUsers" ("Id", "Firstname", "LastName", "LastSignIn", "UserName", "NormalizedUserName", "Email", "NormalizedEmail", "EmailConfirmed", "PasswordHash", "SecurityStamp", "ConcurrencyStamp", "PhoneNumber", "PhoneNumberConfirmed", "TwoFactorEnabled", "LockoutEnd", "LockoutEnabled", "AccessFailedCount") VALUES ('5fca8601-148b-4bfe-ab69-314013121f3d', NULL, NULL, '2022-01-05 14:18:00.420799', 'admin', 'ADMIN', 'admin@sample.com', 'ADMIN@SAMPLE.COM', true, 'AQAAAAEAACcQAAAAEA0/uSVxH110znttw7kcdwIKcFPQGh+7UZAUYiLCuCM8Bd40QZn8AY17De3QVtiP7w==', 'J24DLT6VK3OIWSMYIAZSFUDKSIZB2SPS', 'e5c096a1-85ec-4bdd-896e-465d89063f3c', NULL, true, false, NULL, true, 0);


--
-- TOC entry 2916 (class 0 OID 29358)
-- Dependencies: 211
-- Data for Name: PermissionRoles; Type: TABLE DATA; Schema: public; Owner: postgres
--

INSERT INTO "public"."PermissionRoles" ("RoleId", "PermissionId") VALUES ('9515d96e-a4a9-4e6e-8c3d-a329b4e2f604', '47fcde13-3047-4872-82aa-6eefa8f05700');
INSERT INTO "public"."PermissionRoles" ("RoleId", "PermissionId") VALUES ('9515d96e-a4a9-4e6e-8c3d-a329b4e2f604', 'ea3cf0be-b86f-4c50-92cc-4a2b4b3e0f56');
INSERT INTO "public"."PermissionRoles" ("RoleId", "PermissionId") VALUES ('9515d96e-a4a9-4e6e-8c3d-a329b4e2f604', '8ade9c5f-cb75-42d7-8141-cb24070df846');
INSERT INTO "public"."PermissionRoles" ("RoleId", "PermissionId") VALUES ('9515d96e-a4a9-4e6e-8c3d-a329b4e2f604', 'f0100082-a623-42df-a0a7-c6ce8f1fa4d2');
INSERT INTO "public"."PermissionRoles" ("RoleId", "PermissionId") VALUES ('ef8fe2f9-6ce7-4e13-8084-24c2d74623da', '50ce1cc7-27cd-4bfe-8b10-65713df73fb9');
INSERT INTO "public"."PermissionRoles" ("RoleId", "PermissionId") VALUES ('ef8fe2f9-6ce7-4e13-8084-24c2d74623da', '8cc5a491-4608-4079-8673-f0dc961572c3');
INSERT INTO "public"."PermissionRoles" ("RoleId", "PermissionId") VALUES ('ef8fe2f9-6ce7-4e13-8084-24c2d74623da', '47fcde13-3047-4872-82aa-6eefa8f05700');
INSERT INTO "public"."PermissionRoles" ("RoleId", "PermissionId") VALUES ('ef8fe2f9-6ce7-4e13-8084-24c2d74623da', 'ea3cf0be-b86f-4c50-92cc-4a2b4b3e0f56');
INSERT INTO "public"."PermissionRoles" ("RoleId", "PermissionId") VALUES ('ef8fe2f9-6ce7-4e13-8084-24c2d74623da', '8ade9c5f-cb75-42d7-8141-cb24070df846');
INSERT INTO "public"."PermissionRoles" ("RoleId", "PermissionId") VALUES ('ef8fe2f9-6ce7-4e13-8084-24c2d74623da', 'f0100082-a623-42df-a0a7-c6ce8f1fa4d2');
INSERT INTO "public"."PermissionRoles" ("RoleId", "PermissionId") VALUES ('8b8a5a88-8971-4c8a-8dec-5241a0ce8c41', 'e3e8d61e-9745-45a9-a8a9-9f9a63230ba3');
INSERT INTO "public"."PermissionRoles" ("RoleId", "PermissionId") VALUES ('8b8a5a88-8971-4c8a-8dec-5241a0ce8c41', 'ce73bd48-9e32-40e2-ac63-4a8d2e37130e');
INSERT INTO "public"."PermissionRoles" ("RoleId", "PermissionId") VALUES ('8b8a5a88-8971-4c8a-8dec-5241a0ce8c41', '9a003b5c-f38d-417a-aa37-361799d949d9');
INSERT INTO "public"."PermissionRoles" ("RoleId", "PermissionId") VALUES ('8b8a5a88-8971-4c8a-8dec-5241a0ce8c41', 'a8c3b349-2655-4ad0-bc8a-cefbec4333a5');
INSERT INTO "public"."PermissionRoles" ("RoleId", "PermissionId") VALUES ('94565142-2066-4482-8208-c8b9363a8462', 'ce73bd48-9e32-40e2-ac63-4a8d2e37130e');
INSERT INTO "public"."PermissionRoles" ("RoleId", "PermissionId") VALUES ('94565142-2066-4482-8208-c8b9363a8462', 'e3e8d61e-9745-45a9-a8a9-9f9a63230ba3');


--
-- TOC entry 2917 (class 0 OID 29364)
-- Dependencies: 212
-- Data for Name: Permissions; Type: TABLE DATA; Schema: public; Owner: postgres
--

INSERT INTO "public"."Permissions" ("Id", "Name") VALUES ('50ce1cc7-27cd-4bfe-8b10-65713df73fb9', 'Moryx.Products.CanImport');
INSERT INTO "public"."Permissions" ("Id", "Name") VALUES ('8cc5a491-4608-4079-8673-f0dc961572c3', 'Moryx.Products.CanShowAspectConfigurator');
INSERT INTO "public"."Permissions" ("Id", "Name") VALUES ('47fcde13-3047-4872-82aa-6eefa8f05700', 'Moryx.Products.CanEdit');
INSERT INTO "public"."Permissions" ("Id", "Name") VALUES ('ea3cf0be-b86f-4c50-92cc-4a2b4b3e0f56', 'Moryx.Products.CanDuplicate');
INSERT INTO "public"."Permissions" ("Id", "Name") VALUES ('8ade9c5f-cb75-42d7-8141-cb24070df846', 'Moryx.Products.CanShowRevisions');
INSERT INTO "public"."Permissions" ("Id", "Name") VALUES ('f0100082-a623-42df-a0a7-c6ce8f1fa4d2', 'Moryx.Products.CanRemove');
INSERT INTO "public"."Permissions" ("Id", "Name") VALUES ('e3e8d61e-9745-45a9-a8a9-9f9a63230ba3', 'Moryx.Resources.CanEdit');
INSERT INTO "public"."Permissions" ("Id", "Name") VALUES ('ce73bd48-9e32-40e2-ac63-4a8d2e37130e', 'Moryx.Resources.CanRemove');
INSERT INTO "public"."Permissions" ("Id", "Name") VALUES ('9a003b5c-f38d-417a-aa37-361799d949d9', 'Moryx.Resources.CanShowAspectConfigurator');
INSERT INTO "public"."Permissions" ("Id", "Name") VALUES ('a8c3b349-2655-4ad0-bc8a-cefbec4333a5', 'Moryx.Resources.CanAddResource');


--
-- TOC entry 2918 (class 0 OID 29370)
-- Dependencies: 213
-- Data for Name: RefreshTokens; Type: TABLE DATA; Schema: public; Owner: postgres
--

INSERT INTO "public"."RefreshTokens" ("Id", "Token", "JwtId", "IsUsed", "IsRevoked", "AddedDate", "ExpiryDate", "UserId") VALUES (1, 'L1PDTGVPXAOKEIHFHNRGV92WX09c045de-afcc-457e-b545-42546c8a200f', 'ae1ca3ca-d40c-48a6-9145-395ebbdf78aa', false, false, '2022-01-05 07:41:07.530812', '2023-01-05 07:41:07.530873', '5fca8601-148b-4bfe-ab69-314013121f3d');
INSERT INTO "public"."RefreshTokens" ("Id", "Token", "JwtId", "IsUsed", "IsRevoked", "AddedDate", "ExpiryDate", "UserId") VALUES (2, 'WXIQRXVF9PV6R9QGNC31JJ5D26bcbd44d-5819-4b07-b3a4-5b64dbd70894', 'e5adfbe7-6386-47fc-bdae-b032bd42908e', false, false, '2022-01-05 10:24:51.803296', '2023-01-05 10:24:51.803356', '5fca8601-148b-4bfe-ab69-314013121f3d');
INSERT INTO "public"."RefreshTokens" ("Id", "Token", "JwtId", "IsUsed", "IsRevoked", "AddedDate", "ExpiryDate", "UserId") VALUES (3, 'VQ8HZHO7XMLAIZGA7Q9ICOA8N4edaa94d-7c14-4f0a-a3e1-106798a96281', 'b8f29b0c-1b69-4ca5-85e1-2650f5afe80e', false, false, '2022-01-05 10:45:56.291193', '2023-01-05 10:45:56.291194', '5fca8601-148b-4bfe-ab69-314013121f3d');
INSERT INTO "public"."RefreshTokens" ("Id", "Token", "JwtId", "IsUsed", "IsRevoked", "AddedDate", "ExpiryDate", "UserId") VALUES (4, 'NIGEHOF4ASOLP03CTZQ5TP06K3cd712ff-5ca2-49d2-909b-a7b264fa60fa', '0cea677b-fdc4-4b71-9cd5-9c45be21bfe5', false, false, '2022-01-05 11:57:55.817229', '2023-01-05 11:57:55.817283', '5fca8601-148b-4bfe-ab69-314013121f3d');
INSERT INTO "public"."RefreshTokens" ("Id", "Token", "JwtId", "IsUsed", "IsRevoked", "AddedDate", "ExpiryDate", "UserId") VALUES (5, 'MH7H1BVW6TMMZYDISF2CAXTBB0fa0a140-cf75-4c0c-8f5f-aee7b161935f', 'df54f209-6afb-4300-bd1d-59f0603ad44c', false, false, '2022-01-05 12:02:05.369363', '2023-01-05 12:02:05.369363', '5fca8601-148b-4bfe-ab69-314013121f3d');
INSERT INTO "public"."RefreshTokens" ("Id", "Token", "JwtId", "IsUsed", "IsRevoked", "AddedDate", "ExpiryDate", "UserId") VALUES (6, 'JJIKQOYNKRIJS90MDHUR7JGBCfe1a9ead-f8e4-4148-bb31-c77b847fe4f8', 'ae965f73-8f9e-4c9d-852c-2f0bb233f41a', false, false, '2022-01-05 12:05:09.496933', '2023-01-05 12:05:09.496933', 'd8ef53eb-916c-49f6-bc26-5f93afe2f0dc');
INSERT INTO "public"."RefreshTokens" ("Id", "Token", "JwtId", "IsUsed", "IsRevoked", "AddedDate", "ExpiryDate", "UserId") VALUES (7, 'CVXO6GJXMMSGC69JCSLXIPZJ7d21a310f-6d79-46a1-8d6f-37f77b4a2d9d', '089c1645-dd57-4e64-a676-f0fe924ec969', false, false, '2022-01-05 12:05:46.675078', '2023-01-05 12:05:46.675079', 'd8ef53eb-916c-49f6-bc26-5f93afe2f0dc');
INSERT INTO "public"."RefreshTokens" ("Id", "Token", "JwtId", "IsUsed", "IsRevoked", "AddedDate", "ExpiryDate", "UserId") VALUES (8, 'TQD3HJLJT2TI66XCGBOJT1OVK22c0a509-3f41-400d-9a0b-db7a2e6cecc6', 'fc15fbb2-dac4-482e-af91-eef7a74ba567', false, false, '2022-01-05 12:06:14.148665', '2023-01-05 12:06:14.148665', '11370491-c07a-418d-9cef-0bfa35257ab4');
INSERT INTO "public"."RefreshTokens" ("Id", "Token", "JwtId", "IsUsed", "IsRevoked", "AddedDate", "ExpiryDate", "UserId") VALUES (9, 'O1V8YWX7LRECUZEF6M8DR4B5N7d8d3583-7f70-4a77-ad53-a03358eed198', '73c359de-3970-46ba-8936-d8cd63c841ef', false, false, '2022-01-05 12:06:31.786302', '2023-01-05 12:06:31.786303', '0ca582f2-2afb-4c31-9686-137d63a33c27');
INSERT INTO "public"."RefreshTokens" ("Id", "Token", "JwtId", "IsUsed", "IsRevoked", "AddedDate", "ExpiryDate", "UserId") VALUES (10, 'OJHYN0PYHXAI0QC61WAXKUZ01d702f05e-8b35-45d4-bd18-0a03073fe7b5', 'b1bf8f93-4ece-4df0-a5d5-5ee5e0e98dd5', false, false, '2022-01-05 12:13:30.002455', '2023-01-05 12:13:30.002455', '5fca8601-148b-4bfe-ab69-314013121f3d');
INSERT INTO "public"."RefreshTokens" ("Id", "Token", "JwtId", "IsUsed", "IsRevoked", "AddedDate", "ExpiryDate", "UserId") VALUES (11, 'PBDNIUAJOFFDYZWYI2FHIP4LPff7ceb36-03e4-4525-abc0-552e3ad48804', 'e59f48f3-6a6c-45ad-b616-e27d717f36cb', false, false, '2022-01-05 14:18:00.807008', '2023-01-05 14:18:00.807052', '5fca8601-148b-4bfe-ab69-314013121f3d');


--
-- TOC entry 2920 (class 0 OID 29378)
-- Dependencies: 215
-- Data for Name: __EFMigrationsHistory; Type: TABLE DATA; Schema: public; Owner: postgres
--

INSERT INTO "public"."__EFMigrationsHistory" ("MigrationId", "ProductVersion") VALUES ('20210902100252_CreateIdentity', '5.0.8');
INSERT INTO "public"."__EFMigrationsHistory" ("MigrationId", "ProductVersion") VALUES ('20210903081444_Added refresh tokens table', '5.0.8');


--
-- TOC entry 2926 (class 0 OID 0)
-- Dependencies: 203
-- Name: AspNetRoleClaims_Id_seq; Type: SEQUENCE SET; Schema: public; Owner: postgres
--

SELECT pg_catalog.setval('"public"."AspNetRoleClaims_Id_seq"', 1, false);


--
-- TOC entry 2927 (class 0 OID 0)
-- Dependencies: 206
-- Name: AspNetUserClaims_Id_seq; Type: SEQUENCE SET; Schema: public; Owner: postgres
--

SELECT pg_catalog.setval('"public"."AspNetUserClaims_Id_seq"', 1, false);


--
-- TOC entry 2928 (class 0 OID 0)
-- Dependencies: 214
-- Name: RefreshTokens_Id_seq; Type: SEQUENCE SET; Schema: public; Owner: postgres
--

SELECT pg_catalog.setval('"public"."RefreshTokens_Id_seq"', 11, true);


--
-- TOC entry 2743 (class 2606 OID 29382)
-- Name: AspNetRoleClaims PK_AspNetRoleClaims; Type: CONSTRAINT; Schema: public; Owner: postgres
--

ALTER TABLE ONLY "public"."AspNetRoleClaims"
    ADD CONSTRAINT "PK_AspNetRoleClaims" PRIMARY KEY ("Id");


--
-- TOC entry 2745 (class 2606 OID 29384)
-- Name: AspNetRoles PK_AspNetRoles; Type: CONSTRAINT; Schema: public; Owner: postgres
--

ALTER TABLE ONLY "public"."AspNetRoles"
    ADD CONSTRAINT "PK_AspNetRoles" PRIMARY KEY ("Id");


--
-- TOC entry 2749 (class 2606 OID 29386)
-- Name: AspNetUserClaims PK_AspNetUserClaims; Type: CONSTRAINT; Schema: public; Owner: postgres
--

ALTER TABLE ONLY "public"."AspNetUserClaims"
    ADD CONSTRAINT "PK_AspNetUserClaims" PRIMARY KEY ("Id");


--
-- TOC entry 2752 (class 2606 OID 29388)
-- Name: AspNetUserLogins PK_AspNetUserLogins; Type: CONSTRAINT; Schema: public; Owner: postgres
--

ALTER TABLE ONLY "public"."AspNetUserLogins"
    ADD CONSTRAINT "PK_AspNetUserLogins" PRIMARY KEY ("LoginProvider", "ProviderKey");


--
-- TOC entry 2755 (class 2606 OID 29390)
-- Name: AspNetUserRoles PK_AspNetUserRoles; Type: CONSTRAINT; Schema: public; Owner: postgres
--

ALTER TABLE ONLY "public"."AspNetUserRoles"
    ADD CONSTRAINT "PK_AspNetUserRoles" PRIMARY KEY ("UserId", "RoleId");


--
-- TOC entry 2757 (class 2606 OID 29392)
-- Name: AspNetUserTokens PK_AspNetUserTokens; Type: CONSTRAINT; Schema: public; Owner: postgres
--

ALTER TABLE ONLY "public"."AspNetUserTokens"
    ADD CONSTRAINT "PK_AspNetUserTokens" PRIMARY KEY ("UserId", "LoginProvider", "Name");


--
-- TOC entry 2760 (class 2606 OID 29394)
-- Name: AspNetUsers PK_AspNetUsers; Type: CONSTRAINT; Schema: public; Owner: postgres
--

ALTER TABLE ONLY "public"."AspNetUsers"
    ADD CONSTRAINT "PK_AspNetUsers" PRIMARY KEY ("Id");


--
-- TOC entry 2764 (class 2606 OID 29396)
-- Name: PermissionRoles PK_PermissionRoles; Type: CONSTRAINT; Schema: public; Owner: postgres
--

ALTER TABLE ONLY "public"."PermissionRoles"
    ADD CONSTRAINT "PK_PermissionRoles" PRIMARY KEY ("RoleId", "PermissionId");


--
-- TOC entry 2766 (class 2606 OID 29398)
-- Name: Permissions PK_Permissions; Type: CONSTRAINT; Schema: public; Owner: postgres
--

ALTER TABLE ONLY "public"."Permissions"
    ADD CONSTRAINT "PK_Permissions" PRIMARY KEY ("Id");


--
-- TOC entry 2769 (class 2606 OID 29400)
-- Name: RefreshTokens PK_RefreshTokens; Type: CONSTRAINT; Schema: public; Owner: postgres
--

ALTER TABLE ONLY "public"."RefreshTokens"
    ADD CONSTRAINT "PK_RefreshTokens" PRIMARY KEY ("Id");


--
-- TOC entry 2771 (class 2606 OID 29402)
-- Name: __EFMigrationsHistory PK___EFMigrationsHistory; Type: CONSTRAINT; Schema: public; Owner: postgres
--

ALTER TABLE ONLY "public"."__EFMigrationsHistory"
    ADD CONSTRAINT "PK___EFMigrationsHistory" PRIMARY KEY ("MigrationId");


--
-- TOC entry 2758 (class 1259 OID 29403)
-- Name: EmailIndex; Type: INDEX; Schema: public; Owner: postgres
--

CREATE INDEX "EmailIndex" ON "public"."AspNetUsers" USING "btree" ("NormalizedEmail");


--
-- TOC entry 2741 (class 1259 OID 29404)
-- Name: IX_AspNetRoleClaims_RoleId; Type: INDEX; Schema: public; Owner: postgres
--

CREATE INDEX "IX_AspNetRoleClaims_RoleId" ON "public"."AspNetRoleClaims" USING "btree" ("RoleId");


--
-- TOC entry 2747 (class 1259 OID 29405)
-- Name: IX_AspNetUserClaims_UserId; Type: INDEX; Schema: public; Owner: postgres
--

CREATE INDEX "IX_AspNetUserClaims_UserId" ON "public"."AspNetUserClaims" USING "btree" ("UserId");


--
-- TOC entry 2750 (class 1259 OID 29406)
-- Name: IX_AspNetUserLogins_UserId; Type: INDEX; Schema: public; Owner: postgres
--

CREATE INDEX "IX_AspNetUserLogins_UserId" ON "public"."AspNetUserLogins" USING "btree" ("UserId");


--
-- TOC entry 2753 (class 1259 OID 29407)
-- Name: IX_AspNetUserRoles_RoleId; Type: INDEX; Schema: public; Owner: postgres
--

CREATE INDEX "IX_AspNetUserRoles_RoleId" ON "public"."AspNetUserRoles" USING "btree" ("RoleId");


--
-- TOC entry 2762 (class 1259 OID 29408)
-- Name: IX_PermissionRoles_PermissionId; Type: INDEX; Schema: public; Owner: postgres
--

CREATE INDEX "IX_PermissionRoles_PermissionId" ON "public"."PermissionRoles" USING "btree" ("PermissionId");


--
-- TOC entry 2767 (class 1259 OID 29409)
-- Name: IX_RefreshTokens_UserId; Type: INDEX; Schema: public; Owner: postgres
--

CREATE INDEX "IX_RefreshTokens_UserId" ON "public"."RefreshTokens" USING "btree" ("UserId");


--
-- TOC entry 2746 (class 1259 OID 29410)
-- Name: RoleNameIndex; Type: INDEX; Schema: public; Owner: postgres
--

CREATE UNIQUE INDEX "RoleNameIndex" ON "public"."AspNetRoles" USING "btree" ("NormalizedName");


--
-- TOC entry 2761 (class 1259 OID 29411)
-- Name: UserNameIndex; Type: INDEX; Schema: public; Owner: postgres
--

CREATE UNIQUE INDEX "UserNameIndex" ON "public"."AspNetUsers" USING "btree" ("NormalizedUserName");


--
-- TOC entry 2772 (class 2606 OID 29412)
-- Name: AspNetRoleClaims FK_AspNetRoleClaims_AspNetRoles_RoleId; Type: FK CONSTRAINT; Schema: public; Owner: postgres
--

ALTER TABLE ONLY "public"."AspNetRoleClaims"
    ADD CONSTRAINT "FK_AspNetRoleClaims_AspNetRoles_RoleId" FOREIGN KEY ("RoleId") REFERENCES "public"."AspNetRoles"("Id") ON DELETE CASCADE;


--
-- TOC entry 2773 (class 2606 OID 29417)
-- Name: AspNetUserClaims FK_AspNetUserClaims_AspNetUsers_UserId; Type: FK CONSTRAINT; Schema: public; Owner: postgres
--

ALTER TABLE ONLY "public"."AspNetUserClaims"
    ADD CONSTRAINT "FK_AspNetUserClaims_AspNetUsers_UserId" FOREIGN KEY ("UserId") REFERENCES "public"."AspNetUsers"("Id") ON DELETE CASCADE;


--
-- TOC entry 2774 (class 2606 OID 29422)
-- Name: AspNetUserLogins FK_AspNetUserLogins_AspNetUsers_UserId; Type: FK CONSTRAINT; Schema: public; Owner: postgres
--

ALTER TABLE ONLY "public"."AspNetUserLogins"
    ADD CONSTRAINT "FK_AspNetUserLogins_AspNetUsers_UserId" FOREIGN KEY ("UserId") REFERENCES "public"."AspNetUsers"("Id") ON DELETE CASCADE;


--
-- TOC entry 2775 (class 2606 OID 29427)
-- Name: AspNetUserRoles FK_AspNetUserRoles_AspNetRoles_RoleId; Type: FK CONSTRAINT; Schema: public; Owner: postgres
--

ALTER TABLE ONLY "public"."AspNetUserRoles"
    ADD CONSTRAINT "FK_AspNetUserRoles_AspNetRoles_RoleId" FOREIGN KEY ("RoleId") REFERENCES "public"."AspNetRoles"("Id") ON DELETE CASCADE;


--
-- TOC entry 2776 (class 2606 OID 29432)
-- Name: AspNetUserRoles FK_AspNetUserRoles_AspNetUsers_UserId; Type: FK CONSTRAINT; Schema: public; Owner: postgres
--

ALTER TABLE ONLY "public"."AspNetUserRoles"
    ADD CONSTRAINT "FK_AspNetUserRoles_AspNetUsers_UserId" FOREIGN KEY ("UserId") REFERENCES "public"."AspNetUsers"("Id") ON DELETE CASCADE;


--
-- TOC entry 2777 (class 2606 OID 29437)
-- Name: AspNetUserTokens FK_AspNetUserTokens_AspNetUsers_UserId; Type: FK CONSTRAINT; Schema: public; Owner: postgres
--

ALTER TABLE ONLY "public"."AspNetUserTokens"
    ADD CONSTRAINT "FK_AspNetUserTokens_AspNetUsers_UserId" FOREIGN KEY ("UserId") REFERENCES "public"."AspNetUsers"("Id") ON DELETE CASCADE;


--
-- TOC entry 2778 (class 2606 OID 29442)
-- Name: PermissionRoles FK_PermissionRoles_AspNetRoles_RoleId; Type: FK CONSTRAINT; Schema: public; Owner: postgres
--

ALTER TABLE ONLY "public"."PermissionRoles"
    ADD CONSTRAINT "FK_PermissionRoles_AspNetRoles_RoleId" FOREIGN KEY ("RoleId") REFERENCES "public"."AspNetRoles"("Id") ON DELETE CASCADE;


--
-- TOC entry 2779 (class 2606 OID 29447)
-- Name: PermissionRoles FK_PermissionRoles_Permissions_PermissionId; Type: FK CONSTRAINT; Schema: public; Owner: postgres
--

ALTER TABLE ONLY "public"."PermissionRoles"
    ADD CONSTRAINT "FK_PermissionRoles_Permissions_PermissionId" FOREIGN KEY ("PermissionId") REFERENCES "public"."Permissions"("Id") ON DELETE CASCADE;


--
-- TOC entry 2780 (class 2606 OID 29452)
-- Name: RefreshTokens FK_RefreshTokens_AspNetUsers_UserId; Type: FK CONSTRAINT; Schema: public; Owner: postgres
--

ALTER TABLE ONLY "public"."RefreshTokens"
    ADD CONSTRAINT "FK_RefreshTokens_AspNetUsers_UserId" FOREIGN KEY ("UserId") REFERENCES "public"."AspNetUsers"("Id") ON DELETE RESTRICT;


-- Completed on 2022-01-05 15:20:29

--
-- PostgreSQL database dump complete
--

